radius,pressure,mass
1.0e-16,100000.0,1.0e-16
100.0,-3.1961043531476855e24,6.708808359335245e10
