radius,pressure,mass
1.0e-16,1.0,1.0e-16
100.0,-1.8440436971696396e6,5.044121333783031e-8
